Faecalibacterium_prausnitzii_g__Faecalibacterium,Pressure (mmHg)
0.094602,7.45
0.154938,6.23
0.154691,9.05
0.124069,11.35
0.124436,8.56
0.132091,14.88
0.151292,8.98
0.12878,12.65
0.135073,16.36
0.140015,8.98
0.136171,13.12
0.132095,12.98
0.127931,15.25
0.140504,18.1
0.110264,13.65
0.116854,15.65
0.105519,20.94
0.1282,19.5
0.121912,17.65
0.097897,29.25
0.109681,18.65
0.133581,20.12
0.119515,22.65
0.107192,26.42
