Con,HF,BA (C13)
8.856067,1.903186,9.997502
9.057693,1.791668,9.493949
8.064213,2.082374,9.347781
