Con,HF,BA (C13)
19.63132,6.832529,27.44836
20.46478,6.691944,27.8596
19.8833,7.266326,27.29283
